day_of_week,hour,risk_score,is_raining,actual_earnings_inr
6,7,56,0,204.2514806126443
3,12,27,0,170.53972526639464
4,18,47,0,172.11800848714617
6,2,24,0,188.72105023883515
2,23,36,0,133.67565510916072
4,7,55,0,151.56286125939295
4,1,38,0,167.2327224899589
6,7,83,1,277.7812079730684
1,12,30,0,118.46007035618005
2,12,73,1,208.94351112098315
6,0,64,1,273.52054272811245
2,5,66,1,223.4866879134834
2,23,31,0,189.45084353579617
4,18,40,0,122.28024115202004
3,15,30,0,160.1117848367175
2,7,24,0,179.7822621665658
5,0,75,1,320.42899490845593
4,15,39,0,141.91205153632077
1,8,60,0,159.828589054404
3,12,65,1,236.39520714397293
5,10,31,0,203.9096346310658
5,12,89,1,273.0230959752139
1,20,36,0,158.71950779000093
3,9,38,0,99.35507829560629
4,3,45,0,163.64138980125261
0,5,67,1,227.52355807323934
3,6,71,1,220.55050206443468
1,4,89,1,265.93724391439116
5,10,74,1,261.50131962418897
4,12,52,0,141.9384802186994
3,18,81,1,264.83106604409465
0,22,42,0,133.35877390300286
0,9,34,0,138.9976943412692
2,9,46,0,147.059491531383
2,10,83,1,241.814689642591
6,20,70,1,279.15605014706625
1,6,72,1,199.14749305695474
3,17,70,1,214.35662873745622
3,3,66,1,212.85291133575578
6,1,23,0,198.4555790955391
5,13,26,0,288.5168731725966
5,12,54,0,208.36411511775944
6,11,67,1,239.47976491903196
5,6,64,1,296.2788197512171
2,1,38,0,155.05137691993247
3,12,82,1,252.69064095187812
6,13,57,0,288.88396654581345
3,16,86,1,247.02645915471524
0,8,78,1,234.33090622900255
2,16,88,1,251.92451512405495
4,7,32,0,160.44501272035558
2,1,66,1,223.04169507114193
6,23,80,1,320.4486944089376
4,12,50,0,167.78074244559784
0,2,41,0,161.47488842008826
6,15,62,1,249.47391166923327
1,5,86,1,199.23384765072925
3,18,73,1,230.85430964283708
0,6,29,0,152.91042395536482
3,9,61,1,212.71754869983369
5,8,83,1,277.81965399224123
1,1,40,0,181.7725385608719
1,14,85,1,238.90804949100598
0,4,60,0,127.17982980494523
1,21,43,0,147.76982345714111
4,3,54,0,133.9006703829488
1,19,75,1,337.24600167182876
3,3,49,0,141.72768668740716
3,17,76,1,215.4470883479199
6,3,66,1,249.8972925605321
3,16,54,0,147.4469063696362
6,11,38,0,188.7878472630538
3,21,27,0,91.41102619995465
4,16,45,0,191.05944049003327
6,9,49,0,221.77539308433344
2,21,26,0,142.47398550150007
5,0,86,1,275.376380994812
0,21,84,1,201.56691305364876
3,23,55,0,183.91445755621731
1,17,44,0,187.94577389546222
3,17,56,0,153.1338745649305
1,13,20,0,250.4706128837069
5,14,34,0,203.50573557867847
5,11,56,0,173.2654912224814
5,3,32,0,191.76353262072686
1,2,27,0,152.63855933543914
3,19,24,0,260.9090456251311
5,11,79,1,270.6269344512993
4,6,20,0,148.1720088498177
6,10,55,0,198.38243004269077
1,0,54,0,151.04516980994967
1,5,85,1,203.78789867206797
3,14,82,1,210.65967701744128
1,14,42,0,124.30831468600061
1,18,28,0,169.556310993724
5,10,53,0,157.8870611631935
3,22,65,1,248.0718068663385
5,1,23,0,227.72698794525687
6,13,49,0,273.9563882603476
6,1,22,0,147.93725824345404
5,3,33,0,192.77378876065418
6,16,79,1,273.7163167742236
3,2,64,1,204.78803560142174
0,12,53,0,139.69563212383514
5,8,64,1,305.603903977267
4,6,80,1,238.29854324603482
4,14,35,0,131.508717712438
1,22,85,1,193.04801660809136
6,10,59,0,193.45965364780457
4,19,36,0,265.73086441299125
1,1,53,0,159.92398374726633
0,14,35,0,139.29366574864682
3,13,79,1,315.22999150723723
3,19,85,1,383.7030808012046
3,21,85,1,241.31002044888524
4,10,32,0,149.03822985338454
0,2,75,1,221.3369905789341
4,16,50,0,142.86653731640257
6,11,53,0,223.6128182490429
4,23,58,0,137.45373108097394
0,20,86,1,225.90445417999965
0,14,27,0,151.0239580376217
6,15,74,1,264.96431614376934
0,4,46,0,122.55068904231798
0,19,72,1,351.4594900723534
3,5,58,0,148.77992056289233
6,18,84,1,285.0048093887314
2,4,36,0,139.32799387121668
2,2,49,0,174.41642597626097
0,0,72,1,207.46452437576312
2,5,32,0,184.24080568035785
2,14,40,0,115.04726980343477
0,1,38,0,158.6954012911378
2,2,72,1,234.50861365053248
4,16,38,0,134.08885864118236
1,23,76,1,233.48787875722024
6,11,44,0,225.5903733952032
1,17,50,0,105.66362321291871
0,14,74,1,235.0548961498163
3,11,42,0,100.13458359339845
6,15,51,0,180.68670392953584
0,7,81,1,257.5833272980189
3,13,29,0,218.36435933215893
1,16,73,1,201.52240071182055
0,20,71,1,221.04124542030635
6,7,39,0,241.35812676327106
6,14,51,0,163.36635505587947
5,13,33,0,258.9738017672131
4,17,69,1,254.94863366359252
2,19,47,0,307.15404687075466
3,6,72,1,222.93137551419431
5,2,43,0,175.21894594946716
2,11,41,0,191.91687003618318
2,20,49,0,181.88884783498395
0,23,82,1,238.57893975524465
2,2,23,0,133.7519530212516
4,19,78,1,344.01941318323924
6,13,27,0,276.7927983791034
5,14,31,0,206.61702609231156
2,13,50,0,259.02002876262674
0,6,53,0,167.58834082274805
4,16,68,1,203.45247846030483
1,11,76,1,252.52992900039075
6,19,45,0,326.2626428002631
6,3,37,0,213.74131591717833
5,8,57,0,229.33081718557207
6,5,69,1,252.76839500972898
2,15,27,0,149.28348842587073
0,21,60,0,139.3709089728157
6,21,25,0,168.6428114926909
6,20,88,1,281.9341995520984
1,20,63,1,275.23113103168845
1,1,83,1,188.19844510988494
3,23,48,0,149.35438777901058
4,7,47,0,162.81085870149548
2,10,30,0,152.46156403312364
6,12,84,1,272.7374389496852
6,16,38,0,174.01567273108353
0,7,28,0,154.65573485880327
3,20,46,0,134.86472045968148
4,17,53,0,106.20156590042893
3,17,63,1,248.89184441027462
5,13,87,1,374.16771639684083
4,14,34,0,151.0332195370216
6,5,70,1,279.58149376411404
6,10,32,0,221.48636025431122
4,12,68,1,229.48679313556164
6,0,89,1,293.08035109522626
2,5,75,1,219.050355982523
4,8,70,1,251.23967477147892
3,7,56,0,156.4157145186537
4,10,36,0,153.88103887211747
6,21,77,1,249.59877822575936
2,18,48,0,155.73911708603418
2,23,52,0,133.36090165011097
5,8,79,1,262.23434546943014
3,16,74,1,208.69248743367757
1,11,29,0,128.6753013620155
1,13,66,1,347.49542806033924
4,14,42,0,176.62678123976806
5,15,40,0,238.40735004288524
0,21,32,0,125.54209960888872
4,21,52,0,151.42507499821784
5,19,43,0,294.12984749591806
3,0,30,0,136.0861024560587
3,9,36,0,131.6374603316685
3,7,87,1,249.79168012883122
3,17,66,1,217.0754064379648
3,0,44,0,171.36758667388034
5,1,40,0,212.08241779177035
5,0,31,0,246.07277504209577
2,0,56,0,120.41111553720552
1,8,61,1,250.18466479573598
6,12,36,0,222.92881740801454
3,0,67,1,205.53242323945932
0,12,47,0,170.1426667294632
6,19,60,0,326.72289926052457
5,21,66,1,270.45047480093183
0,6,37,0,133.52129026056002
0,1,32,0,135.61781097101627
0,5,32,0,190.9962419157185
2,6,50,0,150.01365637914967
5,13,21,0,295.6426000306292
0,17,35,0,134.18201236664893
3,14,28,0,134.4029410755672
4,1,57,0,171.63969618499885
0,9,73,1,198.00847576896936
2,22,75,1,216.69572464189457
6,11,64,1,275.68054822144467
5,16,53,0,202.22745203680105
2,7,28,0,146.41813429967686
0,10,27,0,157.91639562191847
5,2,26,0,213.85711511635623
4,5,55,0,164.6927509091866
0,8,37,0,130.28392382664347
2,5,22,0,144.31689804142405
1,8,47,0,173.89525723753874
3,6,89,1,242.89294375147745
6,8,63,1,247.54281097037872
2,17,40,0,157.02959800704403
5,11,47,0,160.4354950125038
0,7,73,1,225.9386980412074
3,7,73,1,262.9553403349195
0,17,84,1,206.04214565462027
5,19,40,0,303.3135390901684
0,14,32,0,165.2805956314572
1,6,76,1,194.14396969580707
3,10,68,1,212.34489940229923
3,19,73,1,356.92882275163504
5,15,29,0,187.31428304621193
6,3,72,1,270.28060025578054
1,5,63,1,239.88371420630068
2,21,66,1,233.43092167073124
0,2,72,1,230.33636792590804
4,8,65,1,218.21755441459922
0,9,32,0,157.40122230537912
0,13,56,0,227.52534639800487
2,10,43,0,159.1561121985157
0,17,21,0,140.06135949764044
1,21,33,0,146.34862051240918
1,11,29,0,130.20084414895973
3,22,54,0,149.2998477998753
5,11,44,0,183.7799827274231
6,12,22,0,177.71907099676014
4,12,36,0,155.17322295710775
0,18,31,0,154.2547955171532
0,18,73,1,240.65747469897144
2,22,43,0,141.37748860849803
5,13,48,0,288.1610569367351
1,3,62,1,236.01595144547326
4,12,44,0,158.8954761566319
3,7,79,1,208.48692634395715
1,22,84,1,227.98726964542377
5,20,47,0,207.28280592109323
6,22,35,0,200.14356933815884
3,18,66,1,183.2704468325783
6,11,77,1,278.2097924794696
2,17,46,0,194.25062078794485
2,5,72,1,217.79921462486035
0,17,61,1,210.4384580428936
6,18,78,1,282.46697119422794
5,21,66,1,281.2475642093314
4,4,53,0,173.85470330832828
3,23,56,0,124.84263688182224
1,8,25,0,164.62760505149984
5,2,26,0,211.80844122502927
5,9,44,0,197.15706926118906
2,18,52,0,156.7737463584338
6,2,74,1,295.58914963196713
0,21,77,1,242.446307600569
0,14,26,0,127.13961375852543
3,0,76,1,241.4031637351097
2,6,31,0,148.70622789934964
5,11,35,0,201.4574819603103
4,16,62,1,226.4639398200339
2,20,26,0,146.9951402240348
3,23,70,1,248.8341499421413
3,19,51,0,268.32564080301574
2,4,27,0,127.60907743233662
3,3,64,1,217.12940288060543
2,11,78,1,228.57389433620952
1,19,23,0,294.584295685941
2,23,86,1,237.06189369897666
6,17,48,0,182.98929442505911
2,16,48,0,199.70379833357782
3,18,47,0,155.2955062195596
6,8,63,1,300.5078147599803
3,3,23,0,146.96571132845543
0,20,28,0,160.667184894109
0,1,24,0,166.7893700903681
6,3,75,1,299.3638942350851
1,1,69,1,246.1473661075645
0,14,34,0,167.44394000145957
2,1,51,0,143.69826537611783
3,3,47,0,138.56507916087878
0,5,41,0,156.65215020648395
0,6,36,0,168.66256144682137
1,9,78,1,220.54558598446786
6,18,76,1,296.30343931428774
6,18,45,0,229.05233490972358
5,21,44,0,181.6735816185316
1,11,29,0,133.2615859240744
2,2,64,1,222.19249882189328
6,12,30,0,206.15225336378393
3,17,72,1,214.50865972465897
1,7,87,1,252.04405357734288
0,20,47,0,158.48133723036904
3,14,84,1,225.7889409648148
3,0,68,1,196.28180952262946
0,2,66,1,198.68368367144984
1,7,71,1,230.62018500563613
0,3,73,1,182.3480874769033
5,15,79,1,295.2527481928814
3,22,76,1,221.8369231125536
4,9,66,1,289.86185939189465
4,11,50,0,196.15832501232222
2,13,65,1,301.37101861504965
6,13,45,0,277.8732599493737
0,1,24,0,169.91163028004058
0,22,71,1,259.0634521983608
2,4,73,1,192.23941885127965
2,4,52,0,114.27249069290627
2,5,69,1,212.55930388891238
3,12,57,0,161.6547516634773
5,8,46,0,209.93747181015195
0,21,34,0,171.39542909967702
3,14,80,1,201.00604943269383
2,13,40,0,183.67712274062245
0,23,65,1,242.1602839060429
3,6,88,1,208.4360745406953
5,19,25,0,279.63024271222724
3,1,57,0,152.90127491918764
5,6,81,1,290.8635137643735
2,5,81,1,222.55885735757445
5,16,65,1,265.8430322763502
0,1,32,0,146.81275535708187
2,2,22,0,142.58834475198435
0,4,25,0,123.03905776119666
4,4,27,0,135.70638646019137
1,0,63,1,235.4255981002763
5,7,52,0,206.43357082753
1,11,69,1,228.3611961193364
1,23,30,0,130.0970303629324
5,3,47,0,196.36993675728667
2,12,89,1,181.45869907114292
4,22,60,0,153.5695332777078
0,14,35,0,178.57715415627135
3,10,87,1,195.51735735915787
0,9,67,1,213.2814465336449
3,2,75,1,231.5821355742026
0,21,83,1,250.05685268854967
5,13,78,1,346.035507673997
4,15,81,1,211.15499341468208
3,9,30,0,110.62153715167834
6,9,37,0,202.06876258616214
2,11,38,0,190.84152080287487
0,8,74,1,230.5471692392935
0,0,45,0,149.55442041632574
3,4,25,0,156.44164621533972
2,19,23,0,269.77815992102796
2,7,48,0,133.7397125547974
5,10,78,1,291.4655983135541
6,11,36,0,204.51523046223508
5,0,62,1,275.3522650386731
5,21,85,1,255.492679454435
5,19,53,0,346.0701586386952
5,10,27,0,213.2940549066622
5,4,32,0,188.94158325265397
4,14,27,0,170.03649707363874
2,4,84,1,215.04858323229587
5,11,62,1,259.35993014977925
2,4,58,0,134.80593765039427
2,16,78,1,189.57862893823818
1,16,63,1,234.4308476083641
4,23,28,0,113.377102433233
5,11,56,0,175.43112337468474
0,23,55,0,108.48823981842934
3,14,47,0,148.27860614418213
6,14,61,1,271.9935907945626
0,5,62,1,218.46607573627273
4,11,61,1,204.14844610658847
3,19,85,1,321.5553249312672
4,17,74,1,234.28739727093148
2,13,67,1,293.9889613658302
3,1,41,0,156.32716643072288
2,8,46,0,132.29502627751555
0,4,86,1,228.62125485542165
0,19,32,0,296.0655607463213
3,0,64,1,236.72331600785566
3,22,29,0,141.7517236356704
5,2,28,0,205.14397940711854
4,5,73,1,220.18669650939574
5,4,46,0,200.15760369389457
4,20,53,0,143.48777895702992
5,4,20,0,196.7132958822922
2,0,51,0,154.2418670614835
3,16,86,1,205.13282600836098
0,18,39,0,129.68242346020043
4,13,54,0,202.2291489233758
4,11,36,0,117.9945779099258
0,9,37,0,125.65434615559042
5,19,64,1,398.1892501360826
4,20,72,1,207.14424969016233
6,17,87,1,285.27228928462193
2,23,84,1,225.69427497505123
3,10,20,0,110.62991573123892
0,1,77,1,238.0995116844338
3,17,45,0,166.2159729118342
6,6,39,0,180.12274650330295
4,23,29,0,158.40383085789983
4,14,78,1,207.87003525181603
6,10,60,0,201.95340753496671
0,17,24,0,124.71003186090068
2,22,84,1,189.13787094930848
1,11,36,0,142.34365620774062
0,5,41,0,147.52542107450327
1,19,60,0,262.04640612770794
6,22,87,1,251.3193888355488
5,12,88,1,267.00201875737724
1,19,30,0,275.3858950516147
2,15,75,1,224.10213939754925
5,17,70,1,278.65002061198425
1,9,40,0,136.59769599091535
6,22,45,0,223.4343582943232
5,7,38,0,176.47653326890438
6,17,79,1,284.7512059417344
1,20,66,1,248.63782185919922
6,0,45,0,209.6181618549779
2,22,59,0,145.9495154587034
1,7,24,0,139.43405906674042
1,5,40,0,170.72175302092512
1,4,23,0,121.54050149476654
0,14,42,0,130.59751479240714
0,21,34,0,142.04884469016557
0,14,27,0,174.75307515023997
2,1,60,0,157.5953527208179
5,0,38,0,180.63908482979508
6,22,65,1,268.79384589230193
4,22,47,0,137.7135371180741
1,10,87,1,210.8042201553293
6,9,34,0,219.57779117113557
1,17,56,0,122.56513741472989
2,17,20,0,182.17561711468747
1,16,86,1,241.56459380369245
0,7,43,0,171.81723341207396
4,14,46,0,140.74120975949484
3,7,59,0,147.00118561841782
1,16,82,1,196.33696370950577
6,11,80,1,264.50675185866396
0,7,55,0,159.87309695286302
3,13,43,0,255.92126123562792
4,3,43,0,127.85686366395097
3,0,23,0,142.68988126029467
0,0,86,1,221.97401559534956
5,18,53,0,172.0842159561503
5,15,76,1,286.826984835168
3,13,68,1,290.5201933651478
2,20,72,1,221.09219297645953
6,15,42,0,190.96101256176246
6,4,88,1,259.2132298856065
3,8,72,1,224.8591002903889
1,1,81,1,220.68780842863956
1,17,60,0,142.5628423544267
6,5,76,1,260.4307675663931
6,8,79,1,281.3904934156591
5,0,73,1,308.0723453698457
2,8,89,1,227.79774465678256
0,15,76,1,244.9223642982226
1,12,29,0,122.19556149693075
6,8,59,0,203.15522878587538
5,20,26,0,178.05263362057866
4,12,57,0,120.46150144936198
5,8,80,1,260.21257185081924
1,10,22,0,173.83798668827146
1,3,70,1,244.00031657339292
5,1,66,1,279.860094441088
0,5,87,1,194.3459888022014
3,13,57,0,226.07438697224126
1,3,55,0,156.03400017803472
5,5,60,0,203.51072459157197
6,18,88,1,238.12412833038508
5,5,32,0,182.19364303960256
2,1,77,1,223.71844471702568
3,17,69,1,235.7258181903438
4,12,49,0,106.07744357800107
0,8,81,1,221.75752049040284
4,22,44,0,152.86097539757904
3,18,46,0,166.99223977032426
3,12,70,1,238.85715168474874
3,10,76,1,236.65142637617612
4,0,66,1,209.00118986596132
6,23,58,0,161.83995725753385
3,21,35,0,142.138944858772
5,6,41,0,220.0326365041712
4,20,73,1,252.86909055048864
3,14,40,0,164.21098204595572
5,0,35,0,208.58681645603468
6,11,78,1,282.59279296771933
2,6,50,0,138.87762506478438
6,14,61,1,272.3987941289276
3,20,51,0,183.3813905165266
4,18,78,1,206.14883988416247
1,0,53,0,182.29557581419704
3,16,28,0,143.55943691015884
1,16,30,0,176.50864218190156
5,2,29,0,171.86369981004924
2,11,36,0,161.718084023293
0,5,87,1,210.26459728104757
6,10,67,1,246.69465616151626
2,2,71,1,229.3706808482189
3,7,44,0,170.18943577191936
1,13,40,0,213.10117122813008
6,13,84,1,325.01968079083196
1,9,82,1,223.1631047133009
4,1,70,1,223.25129342445638
1,13,55,0,240.96639255108997
4,8,85,1,243.99189142728977
5,2,34,0,198.8116963745501
6,20,58,0,237.11006629588525
6,7,89,1,279.48469489070584
0,15,20,0,143.071469879862
3,1,42,0,117.76865281794343
4,5,58,0,144.74680959367666
0,20,76,1,218.27226109177727
1,11,53,0,169.2060959256294
1,4,60,0,159.2496724813371
0,1,32,0,126.41261756734765
6,15,89,1,278.44508772822076
1,4,25,0,163.43062343458107
5,14,71,1,305.56062718775667
5,11,22,0,217.7500793482812
0,3,82,1,240.21693308622955
4,14,68,1,226.20171989230326
4,10,66,1,232.766240108469
0,15,74,1,249.99009801412316
4,22,83,1,198.344452050407
6,5,84,1,268.0112134556609
6,13,86,1,339.5486250248752
4,17,34,0,157.58306237452248
5,11,51,0,224.60444351301575
4,10,87,1,213.06051426557852
6,12,37,0,152.19391265061125
2,20,62,1,216.7555850995106
3,22,54,0,168.26947464034814
1,10,77,1,235.7525980589976
2,22,52,0,158.56372495621153
4,15,33,0,144.4001339625104
5,14,53,0,174.41938527560427
0,20,80,1,235.30588643248936
4,14,23,0,133.3143637993075
5,3,78,1,318.68193466760914
3,10,48,0,161.41014416709032
4,18,25,0,138.387033948921
6,14,68,1,262.77229505222743
0,3,59,0,148.14111586772825
5,20,84,1,270.209961559565
5,12,88,1,297.3366755105991
5,21,46,0,203.72832339488093
3,18,25,0,135.36736522182943
4,1,32,0,187.80881370311565
3,13,83,1,305.98616663040445
1,3,81,1,240.37679351937794
1,15,38,0,137.83546985110482
4,20,62,1,232.26231255489046
6,19,39,0,326.2221998228639
3,13,87,1,267.20701415807696
0,14,63,1,265.3055022092128
5,2,42,0,225.81288921845095
5,7,21,0,192.05609367708024
4,15,41,0,127.95460519088289
6,9,76,1,281.95123227607104
1,3,26,0,151.73395398828794
1,17,75,1,232.11337897126458
5,1,86,1,278.83154792388177
4,16,35,0,160.1248197861185
3,12,70,1,253.94611398783613
1,3,31,0,161.36206410257293
3,10,72,1,204.00689002180118
6,6,24,0,227.25125705424904
1,11,46,0,182.81229126976575
1,9,31,0,213.0411346902417
2,6,36,0,127.53011933520804
1,12,25,0,154.8576402630055
0,6,24,0,108.35802593622026
4,23,76,1,236.06298312758418
4,16,47,0,139.03599403666453
3,9,88,1,263.4689158964991
6,9,78,1,259.5077005996284
1,23,52,0,116.21633924065478
0,3,81,1,215.5747251859496
3,19,69,1,305.49024457565724
2,3,38,0,165.0219890901462
3,21,88,1,183.6983390748736
3,6,85,1,225.56915162366317
1,21,66,1,183.44376360287606
2,0,58,0,143.59404390926716
3,11,87,1,257.86756311609065
0,23,52,0,157.2129578287159
0,12,32,0,132.73012790070132
4,9,73,1,224.3759302212183
2,14,26,0,150.36033744088894
2,12,33,0,159.45260691686812
4,22,38,0,122.66283273438347
3,21,73,1,236.85134547694662
2,21,39,0,95.9121673679445
0,20,48,0,137.40230895272379
0,21,43,0,140.2345231509691
1,8,82,1,237.66653652142477
2,8,76,1,225.45261705353738
3,14,27,0,121.88873892287427
4,9,81,1,205.30013748365968
4,23,48,0,153.97360019094813
3,9,36,0,148.41865316270886
6,7,85,1,263.4175178072851
5,23,25,0,190.38332420976042
1,15,77,1,238.92335994318577
4,16,88,1,214.64614854261572
2,4,47,0,148.23817511941854
1,3,81,1,268.39873176161086
2,17,60,0,121.52634726232154
6,23,88,1,237.96314536850684
0,18,60,0,165.67179329597212
1,3,68,1,211.42713877411794
4,6,68,1,218.6352494451476
1,9,22,0,134.37687243737773
1,17,29,0,144.80399718464975
1,18,54,0,181.97076224192682
5,3,21,0,216.0425691723624
1,9,43,0,167.24447023773953
2,0,57,0,121.67545888414709
0,22,41,0,126.97692526894261
6,17,45,0,143.21842681029148
3,4,62,1,208.8123835783449
1,14,74,1,244.13406372771317
4,16,58,0,160.33893031496743
1,2,48,0,145.56973474095753
4,11,39,0,149.55399432563894
2,1,60,0,136.22228914849188
4,0,73,1,229.09517764803567
3,22,39,0,165.3175655896123
0,20,38,0,117.68226425179054
4,16,85,1,230.99295375674697
4,21,49,0,168.64869741909334
0,15,72,1,216.6979942207326
3,4,53,0,164.01401224241167
1,14,41,0,206.29308888945104
4,2,86,1,222.91314414026215
0,6,25,0,157.86614100010647
2,10,46,0,135.23885832677217
0,9,29,0,153.62502325204102
2,8,67,1,234.20543249964607
3,13,89,1,308.8968468054028
1,12,78,1,204.60609360582288
0,1,78,1,229.127235426509
6,2,21,0,229.24391877435272
6,6,48,0,208.97271529029055
5,20,87,1,294.2397437814368
4,17,84,1,220.25976059974744
3,2,45,0,164.99800478847422
0,9,29,0,155.58535676433053
6,21,72,1,255.98178540625537
4,6,78,1,231.3704200959775
6,8,41,0,180.16606673119378
0,16,70,1,212.34239450230416
2,10,67,1,228.78656614584747
0,6,40,0,155.9448854676025
5,23,41,0,176.21535069845743
0,13,49,0,251.07971542365752
0,18,44,0,161.44012556600947
5,3,47,0,185.90543128778233
3,5,84,1,194.2483040710165
0,9,64,1,222.10190841837138
5,6,87,1,266.0811257227768
4,12,26,0,152.26280914106044
2,13,68,1,297.73766677688866
2,3,28,0,109.8508627850998
0,7,55,0,142.23306123397683
3,4,20,0,143.88761777863374
3,0,29,0,162.6732204954812
4,3,55,0,136.036006507779
0,2,65,1,258.5734934674513
2,8,51,0,111.76718898696487
3,7,51,0,176.2233499560525
0,0,25,0,145.5136205824379
6,5,67,1,292.1916974468711
3,8,57,0,151.59602968117466
5,6,36,0,222.79111072050938
6,3,46,0,192.25276070894378
3,12,73,1,203.02759149644376
2,16,69,1,253.41008574542127
1,1,54,0,147.73038708235717
6,4,44,0,204.4311694724842
4,11,47,0,174.69503828089591
4,20,34,0,129.3608951581113
2,7,23,0,161.90981795278515
3,5,46,0,138.20210487074218
0,7,45,0,147.35661288711256
3,17,38,0,151.4455793076858
2,2,36,0,119.99556277106129
4,21,62,1,209.4232591435913
3,11,60,0,177.0214578482628
4,2,61,1,242.72382377169592
6,21,69,1,273.7472084534553
0,5,59,0,154.86246917025787
6,1,58,0,194.11514988727086
4,22,42,0,177.13166771655963
4,11,71,1,220.99294844411673
1,1,66,1,229.63684184269695
1,5,82,1,247.9206028828413
6,16,88,1,259.45257030308187
5,2,62,1,306.1757836899379
6,1,67,1,244.39077180513246
1,22,53,0,182.59284262225597
4,19,59,0,262.5464883209605
2,7,80,1,220.14602504349438
6,21,69,1,237.19979657634116
4,11,86,1,215.90410565244613
2,3,81,1,204.2038693794623
2,4,77,1,212.84707309253054
1,12,52,0,147.25378068422242
6,14,35,0,219.15583228945812
3,22,67,1,229.1520670280125
0,15,29,0,156.15353306802228
1,9,57,0,128.08961222308875
1,22,38,0,132.3849182079454
3,15,55,0,185.97450036702622
0,11,78,1,210.29597930473506
4,16,82,1,258.12416504114594
5,15,65,1,270.1387760223827
6,11,22,0,200.0457587228701
5,7,84,1,296.4073032045986
4,19,27,0,295.43784843877313
1,2,70,1,222.78374879441824
0,15,25,0,142.23513892956922
1,12,58,0,148.88159102955575
2,22,79,1,231.75915056464237
1,18,47,0,167.82607373739512
1,7,73,1,225.08459717988302
4,21,56,0,162.37772596046307
4,4,28,0,182.7671946454188
4,19,75,1,352.62619224529567
5,7,78,1,281.23305712009557
2,23,21,0,119.62178349819865
4,11,80,1,172.38539726341872
0,0,77,1,232.76751458460336
5,20,79,1,273.10351537438254
3,19,59,0,259.7043465017052
0,5,55,0,154.8706040837269
6,21,56,0,198.79192541606184
6,17,37,0,222.55560501267797
0,7,82,1,226.72221736517955
4,6,41,0,135.06153429859665
3,0,30,0,169.80332477918577
3,20,77,1,220.65737850107595
5,15,76,1,285.53073367344615
3,11,23,0,140.451785876144
6,5,26,0,187.00346229005126
2,19,80,1,346.6833646037139
4,1,73,1,225.2565728708737
3,13,87,1,314.59654070733666
5,3,20,0,194.62708493380515
6,0,74,1,238.27280432459204
2,22,22,0,141.34452232823222
1,17,57,0,165.8763693428763
1,12,20,0,144.05247841513787
2,1,57,0,145.07233194970905
6,8,48,0,219.72753011811875
5,20,24,0,185.76053545482154
2,1,40,0,119.14393563514201
4,8,86,1,221.7873776094901
4,0,66,1,215.31652097502527
1,10,54,0,130.6750736049349
3,2,87,1,221.49243088202618
5,19,88,1,404.83011294493565
1,22,20,0,149.8142287686437
3,3,87,1,231.13962145372474
3,17,31,0,186.26815397030845
4,22,79,1,218.14242276884872
6,5,46,0,205.5669726928934
0,2,75,1,214.8157327480173
6,21,42,0,183.07280560226053
0,10,44,0,138.3018469316446
2,14,40,0,140.42482856956622
4,21,80,1,232.1895159509425
3,4,82,1,271.98151573401515
5,19,71,1,380.6791312744832
0,9,44,0,141.66749388769074
6,11,74,1,273.737539737775
3,14,65,1,232.91597697419493
0,16,51,0,155.2710162390957
0,9,74,1,250.68191587896234
0,5,24,0,101.47215858929584
5,17,55,0,152.26140259608655
4,12,68,1,215.082436559797
5,2,77,1,296.9460037508742
1,23,58,0,118.68703936788808
3,9,80,1,164.84735320612486
4,13,28,0,241.42358812438417
4,5,25,0,154.8731444740543
4,2,54,0,128.1958318640114
6,15,58,0,180.2892079855814
4,6,41,0,130.60512560730652
5,19,60,0,322.2107063494788
4,13,24,0,217.47369447633986
2,8,61,1,234.8812783795104
3,14,86,1,167.90746674191217
4,20,49,0,132.862962697444
3,2,76,1,202.47892078177898
2,1,48,0,144.87318643255014
2,1,56,0,139.23904483019723
3,2,32,0,165.95687559791534
0,17,51,0,112.81326456679885
1,13,65,1,305.90982952661506
6,19,42,0,331.1667284642341
0,17,64,1,262.1329487312391
0,9,36,0,140.3646805781305
5,1,85,1,281.48917208705035
6,21,25,0,163.9227441487527
6,0,37,0,152.16087591373952
0,3,41,0,166.895487515634
4,13,52,0,229.88879412703858
5,0,49,0,223.57025379596845
5,13,51,0,252.531942220605
2,15,61,1,235.39804279057506
6,21,29,0,237.37635681087707
0,13,55,0,238.39411216714532
2,19,53,0,275.53163011182096
3,2,47,0,150.171121616487
1,2,30,0,118.58237085748175
5,8,58,0,227.11145871420695
3,5,66,1,212.78284720389868
3,12,38,0,160.08966512766034
4,20,34,0,118.73931386857492
1,1,47,0,126.4108067098444
3,7,43,0,178.7017479844447
3,20,28,0,143.05395422084314
1,1,66,1,254.0655095208509
1,3,52,0,148.43538681882964
3,14,81,1,188.16204454084286
1,3,38,0,167.8413519946344
3,12,86,1,213.20215364488786
3,11,59,0,163.97377627034086
4,12,66,1,225.50421735080164
0,13,84,1,274.1376354411426
3,19,48,0,273.2858953074114
2,17,69,1,268.924462843056
5,5,32,0,209.8597291702892
6,10,20,0,198.84964493989074
0,1,53,0,171.50686803913794
0,22,67,1,229.2133693040622
0,18,67,1,229.19068460525588
4,18,68,1,203.16749655681795
3,4,83,1,229.67696051579196
4,18,80,1,245.7088683283389
3,1,48,0,133.27875695799952
4,9,58,0,178.48991642493894
4,1,45,0,148.1658795170975
5,10,36,0,182.24460976922919
2,17,32,0,169.9526415384049
4,23,88,1,219.26411528523462
5,14,45,0,215.19029774972216
1,8,68,1,219.16482735482924
2,22,86,1,223.80347712940193
4,18,26,0,159.87120408668582
6,8,77,1,280.81794115180014
0,2,68,1,185.08936439096522
1,20,72,1,202.57512519811218
1,8,84,1,243.58819969581631
5,13,81,1,352.35726822196904
1,18,36,0,139.52537394457156
2,6,62,1,197.8285196948505
4,15,44,0,128.40527357448303
4,15,22,0,109.56402720076105
6,0,48,0,197.97438562596935
0,3,51,0,138.03124838837905
5,3,45,0,180.6682421802937
0,6,35,0,148.63753149664095
1,7,44,0,157.27941261705476
6,16,73,1,316.8639586441989
0,4,47,0,119.76233160873574
2,6,75,1,248.18762086601043
4,19,84,1,364.46203122030147
1,19,60,0,254.418145212466
6,3,70,1,279.06471909172063
0,5,48,0,140.8473350132477
5,6,38,0,203.71377160837477
2,17,85,1,255.182620268091
2,4,60,0,162.11212465262625
0,19,64,1,355.17216746466886
4,2,34,0,141.39381360090715
0,6,22,0,120.3188667015133
1,21,30,0,145.83063578919183
0,13,72,1,329.1321630972783
2,6,65,1,194.45664286820704
6,4,49,0,178.8982126364661
0,21,76,1,227.52535472468136
4,4,37,0,130.30690430305475
6,22,70,1,259.14953105769575
5,1,67,1,266.52802836543646
3,20,85,1,197.687651916197
0,21,27,0,130.51756307567263
4,5,41,0,164.06855833574616
6,14,25,0,173.85260435538072
4,20,76,1,193.04255731010323
5,9,55,0,187.39950040932212
2,22,76,1,239.6391100501969
4,23,68,1,221.0615638400622
6,6,64,1,265.70837843768766
4,4,85,1,225.88717595031216
4,0,64,1,190.08585134280696
4,12,39,0,159.89411307550066
1,20,83,1,232.66870062807288
1,17,86,1,216.81383051808558
2,12,22,0,170.11849023592833
0,20,73,1,202.45007802093923
4,20,83,1,247.5581798650714
5,17,59,0,203.08987331190502
0,4,78,1,218.26894820243652
5,12,74,1,274.6025272926338
0,3,81,1,222.85470468378116
2,16,23,0,174.40565792835434
4,2,79,1,203.46641745057974
4,16,49,0,134.74961521706803
3,10,21,0,170.7260578414496
5,20,81,1,263.0893012963228
0,19,68,1,363.0106615466318
0,22,28,0,183.98871966017418
1,20,50,0,141.96409946116734
3,3,80,1,238.6272465315061
6,1,67,1,251.92615437320282
6,19,44,0,335.0946659613562
1,15,55,0,153.98847971973535
1,17,27,0,159.4607656432043
1,7,77,1,212.0885585592921
5,2,64,1,241.77833168865655
5,8,81,1,285.0650412949901
2,19,58,0,228.7319369504109
2,5,77,1,218.6529901551493
1,9,83,1,243.8236373283994
3,20,63,1,228.83795471746072
0,9,48,0,188.96685289579625
5,12,78,1,295.5021830516355
3,16,28,0,136.92203223348847
4,8,25,0,150.54626759702876
5,16,48,0,199.0525859491113
5,23,77,1,243.35646473307744
2,8,36,0,131.19202167031293
0,8,35,0,138.7847818604028
0,0,22,0,109.27558994288127
6,1,40,0,200.94986936503287
6,15,83,1,270.0185631069392
6,0,55,0,166.54212197376853
6,9,81,1,283.08425730554666
4,17,61,1,239.3174548938192
4,7,61,1,229.54068957729777
5,20,80,1,268.5186364958206
1,10,32,0,161.8288430350371
2,22,30,0,163.60440720953383
2,1,73,1,231.14807139439378
6,7,35,0,183.50775499130478
5,21,27,0,205.5320153102236
3,7,78,1,248.90961301650958
1,16,76,1,213.0674188277654
5,14,59,0,241.95878678264862
1,16,78,1,214.48738132029231
1,22,21,0,150.64814026680273
1,23,29,0,136.55028807987327
5,12,63,1,279.4654167184052
6,18,30,0,165.1555661472945
2,4,21,0,139.07916402366558
2,11,69,1,203.15757599302867
6,0,31,0,202.70676695784582
1,22,42,0,169.88894751017816
3,4,37,0,162.92012374229103
0,7,81,1,177.56681278282215
5,12,81,1,315.8413930585576
0,7,57,0,155.90559881241737
6,22,86,1,259.47001719013997
3,10,57,0,153.1425583798188
5,0,86,1,278.52379645005385
6,12,80,1,261.66302566096874
1,18,20,0,153.9583333468415
2,23,64,1,212.85055424759386
0,2,47,0,141.91276014619956
4,23,40,0,136.2744172848983
4,16,32,0,121.34657420520695
3,4,46,0,152.9167294043077
1,19,26,0,281.70598873032674
0,20,41,0,160.29767192152744
1,7,72,1,241.39850505270468
0,13,23,0,236.48680420029737
3,3,42,0,139.34549003566192
3,10,89,1,241.79327728862378
4,19,52,0,242.8496492031613
1,14,47,0,131.9865723497504
5,18,27,0,180.7159985715351
4,6,20,0,171.60112118278622
1,18,56,0,168.8557702828015
4,18,82,1,234.7461047408999
5,10,41,0,221.43859730423594
2,4,89,1,207.41434435176023
2,4,40,0,156.9719023972196
2,21,54,0,147.49651143233672
2,7,24,0,166.93764207769829
6,9,79,1,272.69551534895606
0,5,65,1,217.30114223179837
6,14,69,1,285.8181703712198
6,15,67,1,292.52338334382466
6,16,25,0,186.63309610306396
2,7,75,1,223.7784865729525
5,7,78,1,253.83118732716696
3,8,48,0,100.03877965014121
3,1,37,0,154.00919262827458
0,14,21,0,162.17810712509265
2,17,27,0,155.2413361817345
2,2,73,1,186.00876564491267
2,16,57,0,142.9830113984705
4,3,67,1,180.63304479897837
1,3,46,0,177.3940221530837
4,13,39,0,208.27890835763827
1,8,31,0,175.1080721891979
2,8,62,1,243.9173928736829
2,22,80,1,206.98819294927875
4,17,50,0,127.34430097464511
4,9,80,1,232.00740432772676
1,20,86,1,208.11351925633858
3,3,54,0,152.04969284316414
1,11,34,0,140.34344818386163
4,7,35,0,114.37683171068733
5,1,32,0,155.39063961751083
4,21,54,0,154.53368496989194
5,12,78,1,263.76884507338747
0,20,40,0,138.93820366171735
4,15,73,1,238.9172767818757
0,1,49,0,173.46884553264888
3,10,67,1,219.5491055727638
1,9,54,0,143.18802586180277
5,14,57,0,210.00286066227767
1,16,50,0,122.86128860600849
0,7,43,0,154.46306109495393
5,17,68,1,286.03771943644307
1,22,51,0,163.60460416835258
4,8,74,1,186.2649459499507
2,7,77,1,209.7728946038212
0,13,22,0,212.43473494353066
1,17,88,1,226.99773908818426
0,21,29,0,159.61489159535967
6,19,44,0,349.93420814891965
0,19,87,1,335.1006903926385
5,20,80,1,265.04855003381573
6,11,48,0,222.99344037757493
5,18,38,0,205.9315387706061
2,13,62,1,330.35303022375945
6,16,85,1,280.77456006019673
4,23,80,1,201.8576676257346
0,20,62,1,198.33743290444386
1,2,44,0,118.96975501882142
3,22,39,0,163.24103669516947
0,6,67,1,248.77193646174015
0,16,43,0,186.9872428277276
2,11,30,0,166.8621066464648
4,8,74,1,248.2567715506997
3,14,47,0,138.3996733469263
6,17,88,1,251.87168366512287
6,20,82,1,292.00158664835106
6,12,78,1,283.353615044788
5,20,24,0,202.14888748681784
5,7,70,1,282.7474296126598
1,13,40,0,236.46370964916412
3,7,31,0,175.67633719707123
6,13,69,1,380.8997116963391
5,6,23,0,210.88440704680693
1,22,61,1,241.91605745125855
4,11,57,0,160.2812510484955
1,10,44,0,140.7766053593076
5,21,33,0,215.1312934982628
2,21,51,0,122.11009862281477
2,10,30,0,171.07783104591766
6,21,80,1,251.1095412046793
2,12,37,0,155.71606573589466
6,17,46,0,183.09692083147684
6,1,74,1,286.06777966148854
5,20,73,1,274.32149548144184
2,14,40,0,118.10488083673334
6,19,63,1,403.4139926203696
3,17,24,0,138.44158446334578
4,14,60,0,167.62293441626738
1,18,78,1,225.02651377468814
1,22,73,1,232.90841970776077
5,23,41,0,180.84862089969576
2,11,84,1,213.21335537145276
2,12,83,1,215.8272272779783
6,21,23,0,217.1340496048511
0,10,84,1,258.5475417561098
6,4,34,0,183.8965649651425
4,0,41,0,171.5369628931536
3,23,66,1,181.60645164548595
1,2,65,1,201.1162119781542
6,21,33,0,180.8244308762645
0,18,69,1,197.94982621118555
0,22,39,0,118.3282322042484
6,6,69,1,283.25997824275595
5,11,52,0,195.71864604544277
1,14,78,1,232.5881079521022
5,4,62,1,288.80945372243025
3,14,31,0,155.31233986345066
0,7,59,0,163.15526352300748
0,9,39,0,148.6093542751546
4,15,57,0,126.26013223388512
3,7,22,0,171.15628361641592
0,0,47,0,138.21775734437745
3,11,75,1,206.2880740247515
1,4,32,0,146.44164248391203
2,2,85,1,206.74378161406975
0,0,56,0,141.65139236021136
4,3,68,1,231.88107843126932
1,7,85,1,231.96683478492253
6,2,55,0,182.0433986714874
3,9,73,1,215.2458925410251
6,1,45,0,221.4866600954049
5,10,59,0,209.92800235467882
1,9,62,1,266.50130078697083
6,20,41,0,223.60256347483056
0,13,39,0,252.88586137119879
3,6,27,0,122.24262899088396
2,1,48,0,165.27720703266846
1,8,59,0,148.9378639660618
0,15,49,0,138.980363929235
4,12,74,1,228.36030681065057
5,8,35,0,218.90423069222967
3,19,65,1,355.0166318200842
1,3,81,1,207.4305239731588
1,21,26,0,164.8491782718524
2,9,64,1,212.24824915848072
2,21,78,1,229.33366237928573
4,11,75,1,218.9329986504573
5,16,67,1,270.6226749652875
4,13,46,0,245.3248595008102
0,13,72,1,284.19612560368205
0,1,54,0,188.90390148553865
4,20,70,1,188.57827861411008
5,19,56,0,308.04664633490285
4,10,76,1,232.40423779883483
5,15,27,0,211.6862833287062
5,18,39,0,197.9904855885659
6,22,72,1,273.85218593996916
3,5,31,0,158.21100170655234
5,23,68,1,270.3786104508464
2,18,36,0,177.8636251586981
5,4,83,1,291.786982284632
5,3,61,1,292.4564870201127
5,14,48,0,180.67686553259165
6,3,38,0,198.41223151188595
6,19,30,0,313.9906810255859
0,9,69,1,204.88797248621069
6,23,77,1,282.20328367891534
2,21,53,0,139.24708484440367
2,2,39,0,163.10807659700475
6,4,69,1,253.59616874211338
4,5,29,0,184.3808122568364
3,20,51,0,132.07334682815878
6,21,71,1,279.3860467440087
5,7,34,0,215.83718620776136
1,6,22,0,138.58719139599773
3,20,56,0,167.04937286865902
3,9,59,0,125.41632804399168
2,5,59,0,179.0423539836512
3,13,75,1,305.28298529931516
6,3,42,0,188.0717718406224
5,12,30,0,194.01636455145132
5,19,83,1,411.1783853878544
0,16,27,0,138.31089416299125
5,22,75,1,260.01284621154446
5,6,79,1,270.5692680483252
2,3,29,0,126.46075774460064
5,13,58,0,316.41087815883634
0,2,47,0,138.67210817570555
1,23,68,1,241.63233572360807
6,4,55,0,204.18940167295546
2,15,32,0,130.30931899036062
1,22,55,0,149.88090581574542
2,19,45,0,285.68005558621496
4,3,23,0,146.23477329827386
3,23,83,1,248.86225891702057
4,23,57,0,170.43030785563727
5,1,41,0,218.3782970931666
1,17,21,0,140.80686455454006
5,18,50,0,178.40315104437025
3,18,30,0,137.72824789274412
2,16,65,1,228.9248188133344
3,13,81,1,315.91573427064714
0,18,88,1,181.56857190479104
3,21,83,1,224.83773596776498
0,23,29,0,153.16178450646368
3,12,59,0,144.44911487368896
6,11,43,0,225.8254767803176
0,5,63,1,233.43560148501743
1,20,79,1,251.20383816161794
5,3,81,1,270.6807895929954
5,18,36,0,218.7495498501385
4,15,84,1,257.7013278905504
5,12,76,1,301.2338689854532
2,3,74,1,203.15716813142535
6,22,72,1,269.9264784491524
3,16,75,1,218.09670589100406
4,22,28,0,159.78509070152654
2,0,41,0,163.72707110029066
2,17,32,0,133.22214651948528
0,19,67,1,346.35677027833873
5,16,37,0,159.60145335687727
1,14,59,0,178.8389001160378
1,10,36,0,139.75251518646613
4,21,34,0,151.11727879688993
6,12,34,0,193.80700572023878
1,0,82,1,247.9205515002683
3,16,58,0,93.24987117205242
1,5,32,0,149.66779315348182
4,3,51,0,147.88362485004603
1,19,28,0,260.92727224816633
3,15,59,0,184.52453091271263
0,14,39,0,132.25341082288458
6,14,82,1,290.4359235447132
4,5,63,1,232.12505577412168
0,14,57,0,175.2303850507103
0,13,79,1,291.6562183044499
0,10,67,1,210.34062201752482
2,6,37,0,171.92139814954797
6,8,35,0,208.5064261666022
5,15,74,1,244.10125306646484
6,4,58,0,189.21389971073458
2,19,87,1,352.72765307696125
5,9,78,1,291.7552844309318
6,17,81,1,261.4153869361409
0,2,32,0,91.71488020366118
4,12,25,0,160.46446371474067
5,10,79,1,250.59358620112047
3,16,33,0,109.65322403755178
3,21,73,1,168.35348150031717
1,12,23,0,166.2796172039548
5,5,58,0,202.57234900809934
4,16,44,0,145.48687238575496
2,12,51,0,177.78048725925524
0,18,78,1,237.74649366046145
1,20,82,1,257.32600085443835
3,18,57,0,122.14529055666007
2,9,72,1,224.30898752092074
2,2,86,1,192.6657325010397
0,13,47,0,225.41235336289066
5,18,22,0,195.02768292466646
3,4,41,0,162.53227274526142
4,4,57,0,150.91127762283796
2,19,81,1,357.4681427655983
0,16,76,1,239.0688026627779
4,20,25,0,193.09857354766285
5,9,51,0,193.6940668942775
3,4,29,0,131.17954598667242
5,3,22,0,204.92167230632816
2,5,78,1,208.95439945720912
4,3,68,1,254.63921536873073
4,6,78,1,219.33563922109533
4,6,50,0,138.6884726425202
2,17,88,1,215.57368557697765
2,2,81,1,239.36834846943282
5,0,71,1,271.8450603353703
1,23,60,0,137.16666359739236
5,3,50,0,233.3070383524706
3,5,41,0,132.876603186765
0,8,23,0,150.71132148065988
4,21,32,0,163.0461230322046
1,13,64,1,272.37329779165856
0,11,61,1,234.6052100281185
1,19,68,1,323.89784649039103
6,23,39,0,216.45565561668005
5,3,73,1,255.74697976162048
2,20,55,0,163.8553806369772
4,23,20,0,172.11666132589426
5,11,34,0,217.2287305126561
0,9,36,0,155.02633296476205
6,21,43,0,195.373981141406
6,6,77,1,263.47160847330315
6,2,42,0,229.42069381634207
0,22,65,1,211.01009559664715
0,13,27,0,209.2586785286001
0,23,78,1,238.3073787006566
0,9,78,1,209.0772639362701
6,15,32,0,180.99873005067747
6,15,58,0,171.1279147566047
1,21,47,0,140.34180321078964
5,9,80,1,273.34569952207016
4,12,35,0,154.86183455321398
2,5,21,0,169.02612488598967
6,11,36,0,210.53795847331588
2,8,49,0,146.1825556089364
5,12,32,0,196.0360864724056
5,3,32,0,210.20314937830366
2,23,62,1,250.4514032585714
6,10,40,0,202.526283989664
2,19,74,1,335.61738291579184
1,17,59,0,130.1426799782891
3,10,34,0,121.09589471175549
6,20,71,1,288.32539344087047
6,3,72,1,286.55957047279117
4,17,71,1,236.54727050213324
0,0,49,0,147.42681107295888
3,6,52,0,178.138694917835
5,5,76,1,265.31763010830366
6,14,71,1,294.1053847441441
2,17,28,0,149.22514210020913
3,23,73,1,212.83298470641324
4,10,20,0,161.85060614635523
5,19,63,1,403.1927223736799
0,23,28,0,157.13945518533853
0,14,51,0,151.625568441124
4,15,34,0,149.24213836566338
4,6,31,0,197.76743985740876
2,20,76,1,248.68513290392346
6,9,27,0,214.45653789971024
0,11,46,0,152.23598316406776
5,23,81,1,295.1431440119334
3,13,31,0,240.35989552782902
5,4,84,1,275.5240950554807
1,20,61,1,218.9287134946817
1,17,81,1,223.38165324674623
4,4,30,0,86.5914852824389
2,2,62,1,229.21201678595284
1,22,36,0,140.2304783977928
0,4,51,0,181.85339996565767
5,23,59,0,200.3868814162351
5,16,42,0,176.22073160930077
4,18,75,1,224.00239691743764
6,18,25,0,179.07757829874993
6,20,69,1,284.46814831424933
3,11,56,0,155.8189472867897
4,8,83,1,244.15679262216534
3,0,73,1,209.1823641661087
6,17,68,1,275.6801619245629
4,20,30,0,122.6995640914673
4,3,68,1,239.02989563849428
4,9,40,0,160.37742360880245
6,6,85,1,284.9161004205514
3,21,82,1,225.03238062713882
3,22,47,0,158.29545781577582
4,0,36,0,182.08678216617193
1,16,25,0,144.2981148591597
2,23,38,0,152.7729036742017
6,1,75,1,253.2774740163718
2,10,47,0,132.63478076803335
2,8,85,1,226.95626586186614
3,6,57,0,172.07867093403814
3,21,56,0,144.87438351496854
1,16,87,1,220.28166941375753
2,16,68,1,216.8622951099125
2,1,62,1,214.30486658311355
4,5,55,0,155.89942911417643
3,13,77,1,275.0548470964271
2,5,32,0,175.61879153333456
5,1,71,1,261.6915540374108
1,0,77,1,239.43806970876284
5,9,51,0,174.60002805212247
5,20,79,1,288.37680261092436
6,4,77,1,288.43889215628997
6,1,75,1,282.68404144011794
1,21,47,0,130.11142956400414
5,15,20,0,204.99096379196155
2,1,61,1,201.33887630531223
3,9,67,1,219.9447348980763
1,1,59,0,170.5882620191065
4,15,82,1,240.93403854141485
5,15,23,0,200.30365885080866
1,18,57,0,130.50386848154315
0,6,46,0,162.91175424348387
0,21,28,0,150.3876247539605
6,11,35,0,153.59368803539155
3,23,75,1,240.65259652633037
2,14,50,0,149.51534332260616
3,7,33,0,174.04902495966144
3,5,44,0,128.09458962314392
3,9,53,0,86.46592373607999
3,2,86,1,230.58167716690372
4,18,43,0,155.83127353363946
4,16,45,0,116.18656744787097
6,6,39,0,180.43000908266788
1,20,83,1,280.10435487439804
0,19,29,0,263.8877877169239
3,3,86,1,239.61917952752432
6,13,43,0,266.98680345263233
1,19,24,0,228.19394202293688
0,21,86,1,221.59483506408188
5,14,77,1,269.6879087942779
2,23,46,0,142.00243522663257
4,7,34,0,147.70718328987215
5,20,54,0,205.28536543291273
0,14,72,1,221.99766097492386
5,21,63,1,249.71987664105274
2,19,45,0,279.7236958312388
6,13,66,1,316.01256489355154
0,8,53,0,108.992850854316
5,7,69,1,289.7836098940314
4,16,31,0,160.14040544270713
4,1,23,0,148.85209269851927
1,23,67,1,197.09102990489856
5,2,74,1,260.8417811865185
3,7,20,0,144.74506504626993
5,11,85,1,243.08212062851774
6,0,49,0,185.21942683953534
0,9,22,0,163.0466067635336
0,19,40,0,298.54610728578433
6,2,68,1,266.61130494682897
5,5,81,1,290.129767086322
6,6,57,0,161.71879858825065
2,19,34,0,283.18902482227224
6,22,71,1,258.9210317054504
4,17,65,1,231.1469123341594
6,10,44,0,195.04495163520582
0,18,40,0,176.4082801956767
4,4,24,0,132.51128703320163
0,18,89,1,237.55212595123663
1,10,66,1,219.40985073406932
3,23,87,1,221.83389043980674
0,11,37,0,146.3229221368158
4,9,40,0,133.08653791011773
1,7,42,0,149.71802068186656
0,23,83,1,223.74703555756358
2,8,86,1,229.82480496813457
6,3,59,0,201.69010291385726
3,4,29,0,165.95989099224474
0,20,71,1,243.47017232094737
1,7,80,1,203.98753356344398
2,22,83,1,242.37545001181542
5,8,24,0,176.2732714578029
1,14,72,1,236.7571177627547
6,14,74,1,287.3947756940574
1,15,56,0,111.77366216674992
2,13,75,1,306.8595849305882
1,7,78,1,215.6300777327937
2,17,88,1,209.8246948412925
0,9,78,1,252.0170466139801
2,19,21,0,256.9264171872516
2,5,84,1,208.872461417639
3,11,79,1,226.51389880010186
2,1,70,1,238.71179492596832
2,6,49,0,147.16702827979745
5,15,30,0,223.32741091338505
0,2,58,0,160.61951323928182
6,12,82,1,231.4357736053714
3,2,83,1,214.41066072985984
5,17,80,1,263.763158012966
4,10,73,1,234.58721906858844
0,7,77,1,172.50365887251775
0,5,75,1,275.98019417435444
4,0,53,0,160.6205218978842
6,0,50,0,202.9775360783538
2,22,71,1,248.63135432838294
5,7,20,0,246.8730810562525
1,4,74,1,242.41493289176807
3,15,41,0,168.9762619294324
1,10,59,0,152.61380048928766
4,4,20,0,147.16948493266102
0,3,84,1,215.484091119902
6,5,82,1,258.4777601657091
0,13,73,1,291.2597180060101
3,21,61,1,197.98888071314033
0,18,40,0,148.48257098629952
0,8,41,0,116.30664845547227
3,11,57,0,153.81833048287422
5,10,27,0,199.27338783915317
5,13,81,1,357.93870596773377
3,22,66,1,214.55736859960015
6,15,36,0,261.53720740361007
4,0,36,0,177.20231800360625
0,12,32,0,125.10914999830554
6,22,36,0,204.65736174853797
0,20,57,0,137.83987714125354
4,20,64,1,204.71040546585172
5,12,25,0,173.1985585775213
6,1,54,0,208.64433381518506
2,3,33,0,136.37239529860852
2,5,80,1,244.3565204805041
2,22,34,0,169.8756442906088
5,4,73,1,302.478287704229
5,2,46,0,182.95226467851793
4,0,32,0,159.5073122138402
0,3,50,0,162.64908433284603
4,19,54,0,260.5164364979207
4,1,79,1,209.5645608521425
5,4,25,0,232.19041331551946
2,2,88,1,229.54991751464107
1,8,77,1,237.71935501423476
0,19,68,1,328.5584797634414
5,5,42,0,175.61431066955612
2,17,53,0,138.61100451015778
6,5,45,0,197.51957225220005
1,18,66,1,203.715599863653
1,11,24,0,149.80310382699233
5,10,39,0,166.22989623863
3,1,25,0,127.59905155060255
0,14,89,1,238.4182249655375
1,11,78,1,237.0758104055579
5,11,83,1,267.1624646922627
5,8,37,0,179.64471381846093
2,20,23,0,129.45192896947978
6,23,36,0,192.53463508117372
3,1,33,0,162.89036983290583
0,21,32,0,168.56491382688648
4,2,26,0,140.06936529036062
6,11,63,1,251.93015148030432
6,15,34,0,205.35687275732667
2,20,38,0,133.52930058748302
1,23,82,1,214.63494722277596
1,0,54,0,176.50552180874075
2,20,54,0,166.54230857131535
5,2,38,0,203.15948624502903
1,19,39,0,244.56161997774555
3,1,54,0,154.22793134941318
0,8,51,0,171.25314581575054
6,18,67,1,267.48732668468926
6,14,63,1,302.0222817997343
3,17,43,0,175.85490579036414
1,10,80,1,258.27465664286945
6,22,36,0,206.10486253062706
4,15,69,1,236.74783399612025
0,21,84,1,253.2837457666218
0,16,51,0,158.9478787413795
6,4,55,0,189.97531784419576
2,11,32,0,141.02914326944278
6,10,89,1,279.7710990754748
2,14,77,1,199.1887715610756
6,2,33,0,197.13482169271614
4,0,56,0,171.93094236460507
5,19,87,1,351.17492297669435
0,15,59,0,180.6896420358903
6,1,78,1,297.4474843740632
4,1,35,0,140.80470768339046
2,2,81,1,235.86781655743619
2,7,23,0,150.06295453812652
0,23,64,1,249.59980736877367
3,14,47,0,169.65366285539884
6,6,85,1,246.99858553633982
1,5,50,0,161.74524826928354
2,8,22,0,145.88744292713506
5,19,27,0,321.656651410362
5,0,43,0,185.4365619806037
2,7,34,0,184.9627413824167
3,22,62,1,245.80123639805151
3,22,50,0,135.20457672054064
4,2,64,1,198.30778786179536
5,3,85,1,267.28654738044304
4,14,27,0,158.69005292182612
5,5,76,1,279.80411687892445
6,14,49,0,225.06265649536488
6,20,37,0,215.79839444361704
1,2,88,1,244.39138051505813
6,20,58,0,206.53710801220873
1,20,79,1,197.2140253957802
6,13,62,1,351.08602937706195
0,19,64,1,366.2017947981733
6,13,42,0,278.9695414295071
4,3,88,1,235.06180737247493
2,11,25,0,143.62503369507735
4,16,75,1,204.4037630291631
2,6,23,0,147.53311871907778
3,8,42,0,156.18094886065307
4,2,25,0,136.88624561077114
3,12,51,0,145.28577510286664
1,14,37,0,131.21073516028034
1,17,34,0,172.38489835128192
0,18,59,0,144.11088484823932
6,0,25,0,229.05511090252367
4,5,82,1,255.57495701081817
3,22,86,1,223.37908070556512
2,1,30,0,129.831025349053
1,23,62,1,183.28204244533325
6,13,36,0,250.55925853946417
1,5,23,0,122.5233035020268
2,13,82,1,332.5693925492301
6,3,87,1,277.3164917445389
6,20,60,0,207.79209048183975
3,7,24,0,105.59157982129747
3,2,51,0,126.04067141565477
4,18,89,1,242.74159552892573
4,13,54,0,235.73548224765173
5,19,41,0,317.05589442628803
5,16,84,1,286.29684717200246
0,7,41,0,182.7159561227163
1,23,30,0,145.579150729259
4,13,22,0,231.38739605316138
3,5,28,0,153.85193837462612
2,22,79,1,272.8421927054799
3,21,33,0,108.01287471161949
1,15,37,0,163.66446029577617
5,18,42,0,197.70395502481873
3,13,66,1,316.3354345236836
0,18,88,1,211.8525489201055
1,2,66,1,224.020699382831
5,9,49,0,214.2282115893099
2,18,44,0,212.2582040208768
5,8,47,0,216.16072378804142
6,19,44,0,303.03868803938985
0,12,77,1,216.52480635954595
1,6,60,0,140.93171783232293
2,13,44,0,194.0871365473997
0,8,67,1,218.39819616597126
5,22,29,0,214.6565816364349
0,18,30,0,124.5153576184641
1,14,40,0,170.96965302101185
4,19,64,1,354.75549642168676
0,13,26,0,215.31533356057923
6,23,83,1,272.16940725324304
0,5,83,1,256.9664361528207
5,20,21,0,214.67095627011733
5,3,61,1,275.17567309796294
2,7,73,1,220.24633366078032
5,16,35,0,201.5321814090332
3,8,37,0,139.76472884115393
1,0,78,1,182.9050098856197
1,23,35,0,190.84355821069462
4,19,25,0,273.10649998398804
4,13,76,1,312.96294530245075
1,10,66,1,223.84184500246184
6,20,67,1,260.2976639855082
4,2,61,1,221.2815103810246
2,8,79,1,193.01210475611379
5,13,23,0,325.5417299610661
1,8,21,0,125.30976003155209
4,3,78,1,204.3606743230564
1,3,46,0,141.194815912272
3,7,46,0,175.76151449704756
0,1,26,0,150.29017998525308
5,8,82,1,250.27728407939077
1,13,65,1,330.0867672151468
0,21,82,1,239.62001253570963
4,8,31,0,160.76869914432905
0,23,32,0,164.3146848234168
5,22,62,1,322.887238011649
1,15,36,0,193.70189790072226
3,16,82,1,211.2656931399341
6,15,55,0,232.47769985622304
4,11,27,0,157.66336379517801
1,2,88,1,234.98191632275498
5,10,55,0,166.15458336713343
4,13,47,0,226.5922846922361
2,17,66,1,208.7435281932687
0,20,49,0,166.56117629786618
6,20,42,0,221.4216100080561
5,4,35,0,158.51027297967377
2,15,33,0,149.5593027199146
1,19,71,1,367.43723009588507
3,4,56,0,146.2664207537311
4,2,48,0,164.58127290004728
0,11,86,1,232.02330935254167
4,0,34,0,156.83320463905252
6,20,66,1,269.57370043863403
1,8,65,1,200.6683839172858
4,8,71,1,202.56939705149944
0,3,38,0,164.18705028910634
1,2,40,0,150.38916511037766
4,16,83,1,222.2297551078555
3,1,56,0,141.52219915355295
5,23,46,0,193.89622309038498
1,0,74,1,245.93823588976278
5,7,48,0,193.29511836263947
1,12,39,0,123.17870573396863
3,22,44,0,164.87303551080348
5,14,89,1,270.90246672270564
2,7,82,1,225.62791731065553
0,11,55,0,182.1515661279902
2,21,21,0,149.58878885298986
4,11,41,0,155.7836734623745
3,13,35,0,206.42153017403348
2,14,37,0,145.6066109529808
1,14,88,1,237.19052090417202
4,8,73,1,193.89252532317516
4,18,49,0,154.0169018623142
2,19,64,1,347.01582145289615
2,21,38,0,150.8257491117488
3,7,53,0,170.74317797316485
0,20,32,0,156.68877029697043
2,18,62,1,254.56143796712888
6,5,81,1,255.12820968811928
2,19,41,0,272.71849134436695
5,18,71,1,276.68933572779895
1,3,71,1,203.6149101248984
6,22,55,0,219.12590004182692
6,6,38,0,246.49346611705636
5,3,57,0,199.65987851032338
5,21,89,1,285.10042176547535
4,11,76,1,226.69036951630653
0,12,39,0,135.72830660185647
1,2,28,0,113.58479444395968
3,21,51,0,135.8845303380927
6,11,23,0,172.16083238096536
3,1,69,1,259.08204156118234
2,23,24,0,147.69780612153522
2,1,39,0,143.0816134190566
3,22,56,0,167.78307649575612
2,8,41,0,127.56497794288224
0,0,77,1,209.66271923990894
5,7,87,1,276.3614453849724
2,22,63,1,245.5753798284696
4,5,53,0,160.03370090337577
2,5,61,1,229.96650285031765
1,21,28,0,151.56235470472032
0,17,26,0,158.0047171105355
1,16,87,1,229.0330581025851
1,11,38,0,129.4005545044613
4,5,50,0,150.92158443266302
0,7,54,0,128.52622682164494
0,18,76,1,226.62165085801647
0,9,80,1,215.38704117023516
0,0,50,0,200.78763245565722
0,12,72,1,224.20211232496575
4,16,51,0,121.91520867476822
2,2,85,1,222.3163957864615
1,7,78,1,235.38717491275776
0,13,29,0,263.46727892305046
6,2,21,0,188.21095200122562
2,15,85,1,193.35144051952722
2,12,79,1,241.33674022861962
1,19,36,0,242.38802588200699
4,23,35,0,141.2768911698503
3,16,35,0,144.84759028978013
3,12,65,1,223.60733093399784
2,5,58,0,163.7832891414867
5,16,50,0,186.32731435427223
5,13,20,0,274.5254149566648
1,16,30,0,149.71459294101223
3,7,23,0,152.99195915037575
2,10,45,0,151.95654349415847
4,19,69,1,353.7201155044516
3,0,31,0,166.87679019283473
2,6,84,1,232.85268231301936
2,20,66,1,234.07171047018437
0,20,72,1,193.35553666507045
4,16,21,0,151.0045539833136
0,9,43,0,159.59015096003216
1,10,23,0,164.578823891409
0,21,38,0,136.1529845153241
6,8,45,0,186.8192145022271
0,8,59,0,138.51798649432803
6,23,69,1,285.72827799782686
3,4,62,1,245.67762109848417
5,16,86,1,266.850797854168
2,8,31,0,168.15924627254097
6,16,86,1,277.46959618329186
4,23,46,0,147.51428445675128
0,20,73,1,220.77231540364062
6,18,85,1,289.93222729204314
4,6,68,1,231.5115563357414
5,22,35,0,245.51650855295276
5,8,21,0,182.95550714005353
0,6,79,1,235.36203404059953
1,12,73,1,214.41597980376974
0,10,49,0,132.61426026022713
3,13,57,0,229.78265725930055
6,18,47,0,202.74704958814073
2,10,44,0,208.36347110120187
1,12,29,0,146.31708368633596
0,13,79,1,282.39642541030634
4,12,61,1,230.4602143498877
1,0,59,0,108.50719924907264
6,7,61,1,273.1608643479147
1,11,66,1,225.3205056459032
6,18,56,0,215.89200765890422
0,11,41,0,169.47244498855693
6,7,76,1,264.92860762184563
1,7,46,0,146.98771970740134
4,20,60,0,134.67758338778657
5,12,53,0,177.43874890384612
1,11,51,0,156.1978955876127
6,15,85,1,249.528289028068
5,0,31,0,191.70746198856273
6,12,59,0,180.09652080201525
4,6,29,0,160.9936637258052
6,4,67,1,311.0286019853298
0,7,39,0,123.96824034393337
2,13,58,0,192.93963034204862
1,22,79,1,222.50226229299867
2,12,85,1,225.31395591915518
6,14,84,1,279.37318613514594
4,22,70,1,216.0735896953131
1,16,55,0,145.98721402349136
6,14,43,0,207.35020821081204
5,19,46,0,340.80861785289676
3,17,21,0,110.89902459363435
6,17,50,0,192.62121121937076
2,1,76,1,229.27617587882128
1,3,85,1,206.64047790778528
2,0,48,0,184.623392635346
1,3,34,0,137.29180239542526
6,17,31,0,199.17414625985435
0,4,47,0,161.12044193684582
5,18,43,0,188.1743042239621
6,14,40,0,163.06853904391164
2,7,29,0,141.42690946166934
3,19,37,0,290.58881111854083
3,16,33,0,143.26209746429723
4,0,53,0,133.07131397082043
1,11,77,1,243.51344419005443
2,18,41,0,143.38450207953895
4,14,89,1,214.79678372699564
2,8,55,0,152.98912179326618
1,6,64,1,240.41500419237576
6,1,55,0,247.63427063465093
6,8,41,0,216.54472215314846
3,9,80,1,248.19679932776688
6,1,75,1,264.8806760202429
6,18,52,0,179.48263788061047
0,10,64,1,226.24662699238246
3,12,55,0,152.14339830519194
4,9,39,0,128.42974517270807
5,13,37,0,276.49410940191973
0,17,57,0,157.9863520343826
4,18,86,1,232.2078679003616
1,21,42,0,160.08575706768545
0,8,35,0,155.81929460274887
4,6,78,1,214.85982681459888
1,2,88,1,214.72198746702313
3,19,87,1,321.0209720401225
5,5,40,0,235.6955007837019
1,20,89,1,225.26900729238585
6,1,31,0,195.50293888410297
2,5,35,0,131.42415837095083
1,2,33,0,208.71315804655558
1,15,80,1,203.5334393555421
5,7,65,1,266.42304148787855
2,1,51,0,158.3167367257212
6,16,34,0,212.00425931488556
4,8,63,1,244.1586411043137
4,11,36,0,186.15217015538525
1,2,60,0,160.12315310921426
2,10,73,1,203.87938400066665
2,0,63,1,219.86109749756437
6,22,24,0,206.1566474502777
5,12,46,0,241.36452083011648
3,14,62,1,197.04389043151406
4,4,50,0,174.05153010450454
5,20,36,0,203.59828739092833
0,16,73,1,241.7566107045896
4,22,81,1,222.96010566728137
5,23,51,0,183.15134739747347
4,5,59,0,165.01745558802665
3,20,32,0,163.08862054211244
0,21,54,0,169.44113931479444
3,10,24,0,149.7339072924273
6,17,48,0,188.003559533603
0,3,89,1,193.82426009952317
1,2,44,0,166.38746536278813
5,12,41,0,208.4777896488797
0,22,85,1,205.68434734272083
6,8,64,1,264.2285265340675
6,20,88,1,265.6648237609712
3,5,20,0,120.34031136035163
4,11,63,1,208.64635206789734
0,1,58,0,127.32339286387293
5,2,73,1,266.7504197622413
0,2,48,0,135.22605003340874
2,11,73,1,192.45990158266503
4,14,35,0,190.45180461138963
5,8,39,0,225.05081462058462
5,22,65,1,259.4196115696003
1,7,86,1,230.4484279330722
3,10,84,1,233.3493017964259
1,15,77,1,248.82171709546952
5,21,72,1,258.62789946679845
4,3,20,0,171.84213567964852
0,0,85,1,214.0418939158613
0,23,48,0,123.28275191662773
4,6,89,1,239.48273118628995
5,1,27,0,225.81516848244857
6,23,48,0,251.7581794706137
0,4,70,1,201.00549469819572
6,6,52,0,213.97839370161577
0,3,22,0,141.80397512412935
0,4,79,1,240.66717421048062
3,23,54,0,120.59020897537499
3,0,88,1,199.74460448602872
2,0,39,0,134.48250353667032
1,14,58,0,151.57928091336169
4,19,23,0,257.1783746692329
4,18,38,0,163.1810868782684
4,9,64,1,245.53789236515829
2,17,62,1,236.9915508249071
3,2,32,0,182.37575279321737
5,10,32,0,208.31653258910686
6,14,79,1,250.66206579319666
6,10,76,1,302.26753027076677
5,16,71,1,262.89687528788005
2,16,72,1,243.20836999371141
5,5,62,1,306.47468433110214
4,4,61,1,234.13376021460797
1,7,45,0,120.07682373670701
0,1,42,0,131.63575666980418
6,15,62,1,301.4548893377027
3,19,47,0,266.6175462871437
3,23,28,0,151.59147069884332
2,11,39,0,165.1764883232722
3,5,75,1,238.92645724160647
4,0,58,0,155.5759962477092
6,3,70,1,270.8266325755907
5,16,31,0,193.74663108535285
4,12,74,1,242.15797650582687
2,17,30,0,161.07139062135587
4,4,45,0,144.85399998764422
5,23,61,1,296.6422462598628
1,23,46,0,147.41931769740432
2,2,30,0,132.96675651331213
1,10,57,0,134.8205860219331
0,12,62,1,205.4251832738047
1,3,38,0,144.55179966792625
0,13,83,1,329.6744855667239
0,21,25,0,133.8980963793898
1,10,65,1,228.76951522036205
2,9,61,1,211.86621308745174
5,18,84,1,269.79381917457124
4,17,78,1,194.79917576029496
4,5,71,1,220.58923541686926
5,14,66,1,271.12589240390076
6,20,26,0,210.8057588807139
6,9,30,0,204.46561826510742
0,4,80,1,201.0321575009591
0,4,87,1,246.68396488087086
2,9,44,0,154.20606080443991
3,4,31,0,153.96787034354972
1,2,45,0,149.81635293229724
0,22,31,0,139.6448510555556
4,5,62,1,229.35604679497453
2,3,70,1,234.51176871857166
1,17,56,0,115.0620861730889
2,8,65,1,214.2247832530781
1,16,72,1,219.9010605919282
1,12,32,0,155.12341211388556
5,14,73,1,298.8662201185425
0,19,76,1,329.56518370806435
2,16,23,0,140.04076306364317
2,12,68,1,214.749317787069
5,15,26,0,183.96944819790917
4,21,30,0,143.05627009775475
4,3,73,1,240.41604439975941
6,4,64,1,253.9232900927131
0,4,42,0,158.55628790305806
0,8,47,0,115.9619553996333
3,16,76,1,213.77324007115587
5,12,45,0,193.41021399564028
4,1,44,0,183.4971934582813
1,12,73,1,219.50395390494623
2,21,48,0,105.97513053098163
0,20,55,0,110.02222186277501
2,22,33,0,150.6805917269336
2,18,54,0,162.27541711579818
3,2,49,0,157.50911715254506
4,9,36,0,153.3514021160198
0,1,86,1,248.24519195011334
2,12,49,0,139.20817558525738
0,18,64,1,242.8982111205365
1,16,70,1,192.35970229947165
3,20,66,1,206.90104334123868
1,13,72,1,268.8591721013637
0,11,83,1,219.50309398660414
6,20,57,0,199.07477565467315
0,11,83,1,227.2820298445304
4,10,26,0,151.2376670577427
2,6,41,0,131.44893338376545
2,3,60,0,146.19518311173567
1,18,29,0,120.05106662788504
3,0,76,1,252.264579502645
6,23,26,0,193.92747854203998
5,2,69,1,265.2222776191262
2,12,71,1,256.77880656888163
4,14,52,0,125.15506932901542
1,1,20,0,127.48825771936062
1,10,72,1,203.0755935026287
5,3,79,1,273.64257236601037
4,18,53,0,158.63263259275195
3,16,23,0,164.79350936235667
4,2,36,0,201.4399063498994
3,17,23,0,105.01135091598472
4,7,62,1,237.17471178248834
4,21,23,0,138.85738854855538
0,23,20,0,138.27169702222454
1,18,69,1,212.60455743492244
